candidate,file,line_range,claimed_class,verdict,failing_test,reason
C03,src/QueryStrings/ClaimsToQueryStringMiddleware.cs,21-43,F115,forced,control/role,"Transforms an already-authenticated user's claims into downstream query-string params per route config; makes no access-control decision. Injecting F115 would require inventing an authz gate the function does not have."
C04,src/Headers/Middleware/ClaimsToHeadersMiddleware.cs,21-45,F115,forced,control/role,"Maps already-authenticated claims to downstream headers per route config; no authentication/authorization gate to weaken."
C05,src/Claims/Middleware/ClaimsToClaimsMiddleware.cs,21-41,F115,forced,control/role,"Maps claims to other claims per route config; pure claims transformation, no security decision."
C06,src/DownstreamPathManipulation/Middleware/ClaimsToDownstreamPathMiddleware.cs,22-45,F115,forced,control/role,"Rewrites downstream path template from authenticated claims per route config; no security control present to target."
C08,src/Errors/ExceptionHandlerMiddleware.cs,27-61,F115,forced,class-match/exploitation,"Global exception handler; fails closed by design (sets 500 and does not forward on error). Flipping the status code yields no unauthorized access, so there is no genuine F115 control-bypass impact."
C10,src/LoadBalancer/LoadBalancingMiddleware.cs,22-67,F115,forced,control/role,"QoS/routing stage; downstream host/port come from configured load-balancer data, not client input, and there is no host/scheme allow-list to remove."
C11,src/DownstreamRouteFinder/Middleware/DownstreamRouteFinderMiddleware.cs,23-52,F115,forced,target,"Thin orchestrator; the route-matching/normalization logic lives in provider.Get(), not in this function, so the mutation cannot target a control that is here."
C12,src/RequestId/Middleware/RequestIdMiddleware.cs,28-32,F115,forced,control/role,"Generates/propagates a correlation (request) ID; makes no security decision. Canonical forced example per the genuineness reference."
C13,src/Responder/Middleware/ResponderMiddleware.cs,29-52,F345,forced,control/role,"Writes the completed response and maps pipeline errors to HTTP status codes; performs no session validation, so there is no session-invalidation control to weaken (reference client function did, this one does not)."
C14,acceptance/Authentication/AuthenticationTests.cs,84-89,F115,forced,reachability/role,"Acceptance-test AuthService setup helper; test scaffolding, not runtime code an attacker reaches."
C15,acceptance/ServiceDiscovery/DynamicRoutingTests.cs,571-578,F115,forced,reachability/role,"Acceptance-test AuthService setup helper; test scaffolding, not a runtime control."
C16,acceptance/Authentication/MultipleAuthSchemesFeatureTests.cs,123-141,F115,forced,reachability/role,"Acceptance-test AuthService setup helper; test scaffolding, not a runtime control."
